{
    "position_in_meters": {
        "x": -0.2865902354955043,
        "y": 0.00847685469563586,
        "z": 1.1964957284446764
    },
    "rotation_euler_xyz_in_radians": {
        "roll": 3.1173098172597653,
        "pitch": -0.011919527911013139,
        "yaw": 3.136210671257645
    }
}