{
    "image_resolution": {
        "width": 2208,
        "height": 1242
    },
    "focal_lengths_in_pixels": {
        "fx": 1060.0000762939455,
        "fy": 1060.0000762939455
    },
    "principal_point_in_pixels": {
        "cx": 1104.0,
        "cy": 621.0
    }
}